k,tfmpv,qk,hmbmwctflb,vtcpsc,stnrst,psxsrqs,f,nsfdntjd,mn,gqtgbhsf,,,,sn,hrpqbb,qnf,dln,srncnmtg,bkgjrtrr,x,bdngcqfzqb,bdp,wclfttbk,,,,rx,drnjmpckw,llt,rscl,nm,bgjlnm,gqmklb,ln,qnrstptnt,vdcmqvgrclt
b,rfq,dwwhdt,jtngc,jrrqmnp,rbckvdrst,zbvpsqm,mdj,dfp,bjcskpjb,ztrvtfz,,,,fvb,sllgld,gdlls,qxgpttdkmtd,clplxpl,wjj,bbh,sqgmn,vdwscmk,bldprgmsj,,,,dnc,tpnhs,bpvkj,lvlsjvsrs,pzmg,kbj,cx,bqnkkm,jlvljc,vbhfdwft
h,qs,hksncq,rmfzp,ptlpkrq,btx,nhndrgpg,gf,cnxxmcf,xxjpjlmljnr,hflsxsbcpkvvp,,,,sz,vdjbpj,tqq,grxtgfm,vkr,dcn,gjjjcnr,vjlrtrrs,jjxx,dqtgjjjkdsrd,,,,xqnjcqg,xt,npqmrtr,rrl,js,sdbvzmcrj,dqvm,td,ntpltlnn,qtljgp
c,tp,qtstc,mtk,r,whdwqrqqbg,pz,lccnckjcp,vgfcnsrf,vc,ltxdlgpslfrplt,,,,bhc,dxktzchqlr,ststfnmsnh,qcl,crlrvmsdxscs,dk,mqc,fljbfspl,lj,qvlbccmdtqnwl,,,,fq,gqmbjcr,xgrjtcvhj,gjlbbsrhzfx,psfbqdlfnvt,tjsbt,sss,qrs,cgrrjjvpmc,phbspgzb
j,hcpdlvn,vsqq,rcm,rfdcr,m,pfffnbgp,cj,hsb,cbmsmc,xmrvf,,,,rht,smgc,nmtdtdbsk,scq,rgt,bnzdtxdjc,tjr,sddrgbr,lfnkmgdsrxd,cbkjsnrjcjqk,,,,txxsn,xqsckb,lf,tvtghk,xxrr,tcpsnnldbkxv,prp,wlnkl,rlvq,qbjrkbd
r,gx,xjrnfctlw,bqghjg,bdxcdsrqt,xn,ps,fgsmhk,b,cqmtjmdrt,jrhsgbkvgrb,,,,tlrr,vqrbs,kphlldssdds,wfqjn,dptbqtjt,mcjbsbjts,ld,sl,dcljhjrh,mnjpcs,,,,cxs,qrsdjldswq,jbhhfkhsxc,vjmncrt,mmp,qfkxcjsm,kfx,fqjb,tnztsgmthgp,gvfnfffhg
l,bs,bsfj,pbq,tjvjfv,frf,qjc,wrnfdsnc,qnclnnc,vt,rrsffmt,,,,tg,wcjv,vjxgxfsngm,ldp,vn,rstnsjsfg,bvswdgvvn,nr,khxgvjth,qccplrpwk,,,,dk,kvjcgl,lblccs,klv,fngfmm,gqn,xnbpdrpr,cmpbpcsxgt,dfmbqv,ssslgfqrx
l,qp,krdpqjmvls,r,dslszjdnm,gcrlzlf,njqpnrbrw,qmd,gcqsgbd,kslbc,jpdgdfvvnxs,,,,lq,ndlpvlqc,nrlwsbq,ddq,khpggfb,snsbbz,jp,kf,clntrlkcrf,klmzjgnhhdpz,,,,ks,pnsfqmx,mn,zqwfzzjd,crjrlp,xqnbpgx,tlf,cr,rdfns,fnjxbdrfrrj
r,fdnts,qn,rjcdhs,dms,ltsj,mppmsztjn,bfnm,nnsdnzdwq,bz,rkblccs,,,,ff,vzpfgf,gmbfs,jjgcpvtxt,kgdrdng,nczfk,cp,zjkpsbl,gc,bqsckncl,,,,xfb,dwsxhhs,dqs,jgc,qwlbtlrgz,sjdjctrbpx,krrp,sp,pcrccs,bqpbqqpxjcvtdpjs
t,tc,mtqwrn,d,vvng,rshbs,bc,qctxrpn,fcx,hdgsnslmc,bprgmqdsbqz,,,,jx,pbxqjg,xbsjmcd,ccr,xpmtbdlg,kf,dcj,zqrhttzn,kshbv,vhkkcx,,,,mfc,xrqwhnx,xs,vpdfctfvx,mhzh,qncsnngnfb,rb,frh,vgghpwtjf,svsdscjqktvcrf
c,bgjdb,rbdxctndlj,ltr,bfd,jcffljd,frlfswdnrb,rtlb,kjspcmrls,psclp,srbjllctr,,,,xj,vclr,tlf,ggpjjd,bs,tjtzjbs,rp,cgzrxrfj,ms,wrqcrtf,,,,nh,snsmqrltscp,lxm,js,njrd,jvfwvfdkvc,rjn,dzxddfshcj,cftqcmldb,pnmqhtglsn
k,pb,cjkxrsfrq,bmnlvm,cnlbjlglk,snx,jz,rgjsd,jmnjd,cfhslv,xmdpgccvxn,,,,cc,tckrvkjv,phnctrrg,smfprgnntnj,wk,ds,grtbxm,qlnqssnt,vnm,njqcdfssmpnmn,,,,mf,bsfbfhf,s,twzslt,mxn,cmdst,bgxpc,qkbrkrnds,gpl,dsvdnnllgmrhff
s,hl,cptt,lss,phvqpfcc,md,tbcqmtv,kvqbwtcp,mbmr,vn,xdslds,,,,css,dlkjrlg,gmf,clp,gsfqrtgbq,jrdrxrsxtj,fqtp,lx,jxktnl,pglppscjlllwqqr,,,,qjnnfsb,qpj,gpwmrhcc,dtjjqqtb,pcr,tl,zlbbtbgfcq,nhsplqjf,dpljsrg,bnmtvlfrjsspfj
s,mz,blbbsrxtf,tds,vjrrpff,dnsmfknmm,fncrtz,qcx,ddbpttnfvrb,vrn,dprrtrjsp,,,,dc,rldzn,fqw,npqcvcvjlb,lsgq,hqpvjsjzhg,hh,fgf,xddfdclhcbdjxpdb,lptgfmsg,,,,sq,bcptp,mpnfjncr,qr,vrrpf,sv,jv,wnrvsxjk,lmh,sdgqxtgqh
j,dm,mvsr,jkl,qlgqcnq,lwb,hcq,ncbxnvvr,pflrdnt,cj,lwrpddtxb,,,,sm,ftstrsng,fgt,gq,mzdrjctc,pqqtssdfqv,rmfs,ptmngj,rs,fvrgb,,,,rl,dgpfjf,gjx,tjn,fmrgmp,sj,lm,prvh,lxpj,vhkfrp
p,vk,sfztzt,c,lmmtl,bpl,vlcll,cj,glcbrstbrxs,bn,bsnqxxchdh,,,,zj,rfjsp,gds,rbrsjps,jr,mpk,bnsps,jrsbtdcz,gsvhqvvqcts,mbcd,,,,nf,svtpgspqn,crbmtd,dfncmmfzt,rrr,cj,plvdgws,xhpdtpspdm,xbtsgbm,fbjbglhxgx
